
{
    "photos": [
               {
               "id": 737,
               "user_id": 6,
               "name": "UK Street",
               "description": "shooting in uk",
               "camera": null,
               "created_at": "2018-10-01T10:22:21-04:00",
               "for_sale": true,
               "image_url": "https://drscdn.500px.org/photo/230200335/w%3D280_h%3D280/v2?client_application_id=11&user_id=824357&webp=true&v=0&sig=87c378f20802362700eba08bf18c5ac001b5fa4a67c90b613b38b7fe7138bd8c"
               },
               {
               "id": 983,
               "user_id": 2,
               "name": "couple",
               "description": "tlv",
               "camera": "NIKON D500",
               "created_at": "2015-10-01T10:22:21-04:00",
               "for_sale": false,
               "image_url": "https://drscdn.500px.org/photo/230200211/w%3D280_h%3D280/v2?client_application_id=11&user_id=824357&webp=true&v=0&sig=c796aff929af05b516b157f40c37336212a830d5a61b4aac1167bf77b1be4ef2"
               },
               {
               "id": 123,
               "user_id": 1,
               "name": "couple",
               "description": null,
               "camera": "SONY",
               "created_at": "2020-10-01T10:22:21-04:00",
               "for_sale": true,
               "image_url": "https://drscdn.500px.org/photo/230200149/w%3D280_h%3D280/v2?client_application_id=11&user_id=824357&webp=true&v=0&sig=131588fff224249a1dca3488d619d1a504a8f47dce34113fe3607bb7c86048e9"
               },
               {
               "id": 984,
               "user_id": 6,
               "name": "couple",
               "description": null,
               "camera": "KOTAK 993",
               "created_at": "2012-10-01T10:22:21-04:00",
               "for_sale": false,
               "image_url": "https://drscdn.500px.org/photo/230200075/w%3D280_h%3D280/v2?client_application_id=11&user_id=824357&webp=true&v=0&sig=70dab705c64748e6be482b8b3425d2bc95415396a6686debdd9a3449c3d8bfbd"
               },
               {
               "id": 948,
               "user_id": 0,
               "name": "couple",
               "description": null,
               "camera": "LIV D500",
               "created_at": "2017-10-01T10:22:21-04:00",
               "for_sale": true,
               "image_url": "https://drscdn.500px.org/photo/230200041/w%3D280_h%3D280/v2?client_application_id=11&user_id=824357&webp=true&v=0&sig=78bd445b719b21652a68d675900a79f7c1eef3f90ebaf069d5ef5663c1ca227d"
               },
               {
               "id": 7548,
               "user_id": 4,
               "name": "couple",
               "description": null,
               "camera": "MON 05",
               "created_at": "2019-10-01T10:22:21-04:00",
               "for_sale": false,
               "image_url": "https://drscdn.500px.org/photo/230200027/w%3D280_h%3D280/v2?client_application_id=11&user_id=824357&webp=true&v=0&sig=509209b7b5c52cfcf6d485916ec51773ae25b7a73618476c48cc1456b830e836"
               },
               {
               "id": 889,
               "user_id": 5,
               "name": "couple",
               "description": null,
               "camera": "KLM 0G",
               "created_at": "2019-10-01T10:22:21-04:00",
               "for_sale": false,
               "image_url": "https://drscdn.500px.org/photo/230200025/w%3D280_h%3D280/v2?client_application_id=11&user_id=824357&webp=true&v=0&sig=d0e8cd59481ba94424726347be528401ea6a46a5ae480371a1fba71ee6c8d937"
               },
               {
                   "id": 894,
                   "user_id": 8,
                   "name": "couple",
                   "description": null,
                   "camera": "GJ D500",
                   "created_at": "2019-10-01T10:22:21-04:00",
                   "for_sale": false,
                   "image_url": "https://drscdn.500px.org/photo/230199989/w%3D280_h%3D280/v2?client_application_id=11&user_id=824357&webp=true&v=0&sig=2de8c648c7f718deb8902ddb53402d5c3a0f6bacdeff7fdb23e3abee2c67830a"
               }
               ],
    "filters": {
        "category": false,
        "exclude": false
    }
}
